<?xml version="1.0"?>
<!DOCTYPE hibernate-mapping PUBLIC "-//Hibernate/Hibernate Mapping DTD 3.0//EN"
"http://www.hibernate.org/dtd/hibernate-mapping-3.0.dtd">
<!-- Generated Nov 28, 2019 2:08:26 PM by Hibernate Tools 4.3.1 -->
<hibernate-mapping>
    <class name="Entities.Hdct" table="HDCT" schema="dbo" catalog="PRO1" optimistic-lock="version">
        <id name="hdctid" type="int">
            <column name="HDCTID" />
            <generator class="identity" />
        </id>
        <many-to-one name="hoaDon" class="Entities.HoaDon" fetch="select">
            <column name="HoaDonID" not-null="true" />
        </many-to-one>
        <many-to-one name="sanPham" class="Entities.SanPham" fetch="select">
            <column name="SanPhamID" not-null="true" />
        </many-to-one>
        <property name="tenSanPham" type="string">
            <column name="TenSanPham" not-null="true" />
        </property>
        <property name="giaBan" type="double">
            <column name="GiaBan" precision="53" scale="0" not-null="true" />
        </property>
        <property name="soLuong" type="int">
            <column name="SoLuong" not-null="true" />
        </property>
        <property name="thanhTien" type="double">
            <column name="ThanhTien" precision="53" scale="0" not-null="true" />
        </property>
        <property name="ngayTao" type="string">
            <column name="NgayTao" not-null="true" />
        </property>
    </class>
</hibernate-mapping>
