<?xml version="1.0"?>
<!DOCTYPE hibernate-mapping PUBLIC "-//Hibernate/Hibernate Mapping DTD 3.0//EN"
"http://www.hibernate.org/dtd/hibernate-mapping-3.0.dtd">
<!-- Generated Nov 28, 2019 2:08:26 PM by Hibernate Tools 4.3.1 -->
<hibernate-mapping>
    <class name="Entities.HoaDon" table="HoaDon" schema="dbo" catalog="PRO1" optimistic-lock="version">
        <id name="hoaDonId" type="string">
            <column name="HoaDonID" />
            <generator class="assigned" />
        </id>
        <many-to-one name="nhanVien" class="Entities.NhanVien" fetch="select">
            <column name="NhanVienID" not-null="false" />
        </many-to-one>
        <property name="ngayTao" type="string">
            <column name="NgayTao" length="23" not-null="false" />
        </property>
        <property name="thanhTien" type="double">
            <column name="ThanhTien" precision="53" scale="0" not-null="true" />
        </property>
        <property name="isDelete" type="boolean">
            <column name="isDelete" not-null="true" />
        </property>
        <set name="hdcts" table="HDCT" inverse="true" lazy="false" fetch="select">
            <key>
                <column name="HoaDonID" not-null="true" />
            </key>
            <one-to-many class="Entities.Hdct" />
        </set>
    </class>
</hibernate-mapping>
