<?xml version="1.0"?>
<!DOCTYPE hibernate-mapping PUBLIC "-//Hibernate/Hibernate Mapping DTD 3.0//EN"
"http://www.hibernate.org/dtd/hibernate-mapping-3.0.dtd">
<!-- Generated Nov 28, 2019 2:08:26 PM by Hibernate Tools 4.3.1 -->
<hibernate-mapping>
    <class name="Entities.NhaCungCap" table="NhaCungCap" schema="dbo" catalog="PRO1" optimistic-lock="version">
        <id name="nhaCungCapId" type="string">
            <column name="NhaCungCapID" />
            <generator class="assigned" />
        </id>
        <property name="tenNhaCungCap" type="string">
            <column name="TenNhaCungCap" not-null="true" />
        </property>
        <property name="soDienThoai" type="string">
            <column name="SoDienThoai" not-null="true" />
        </property>
        <property name="diaChi" type="string">
            <column name="DiaChi" not-null="true" />
        </property>
        <property name="email" type="string">
            <column name="Email" not-null="true" />
        </property>
        <property name="isDelete" type="boolean">
            <column name="isDelete" not-null="true" />
        </property>
        <set name="sanPhams" table="SanPham" inverse="true" lazy="false" fetch="select">
            <key>
                <column name="NhaCungCapID" not-null="true" />
            </key>
            <one-to-many class="Entities.SanPham" />
        </set>
    </class>
</hibernate-mapping>
