<?xml version="1.0"?>
<!DOCTYPE hibernate-mapping PUBLIC "-//Hibernate/Hibernate Mapping DTD 3.0//EN"
"http://www.hibernate.org/dtd/hibernate-mapping-3.0.dtd">
<!-- Generated Nov 28, 2019 2:08:26 PM by Hibernate Tools 4.3.1 -->
<hibernate-mapping>
    <class name="Entities.NhanVien" table="NhanVien" schema="dbo" catalog="PRO1" optimistic-lock="version">
        <id name="nhanVienId" type="string">
            <column name="NhanVienID" />
            <generator class="assigned" />
        </id>
        <property name="tenNhanVien" type="string">
            <column name="TenNhanVien" not-null="true" />
        </property>
        <property name="gioiTinh" type="boolean">
            <column name="GioiTinh" not-null="true" />
        </property>
        <property name="ngaySinh" type="string">
            <column name="NgaySinh" not-null="true" />
        </property>
        <property name="email" type="string">
            <column name="Email" />
        </property>
        <property name="soDienThoai" type="string">
            <column name="SoDienThoai" />
        </property>
        <property name="chucVu" type="string">
            <column name="ChucVu" />
        </property>
        <property name="isDelete" type="boolean">
            <column name="isDelete" not-null="true" />
        </property>
        <set name="hoaDons" table="HoaDon" inverse="true" lazy="false" fetch="select">
            <key>
                <column name="NhanVienID" not-null="true" />
            </key>
            <one-to-many class="Entities.HoaDon" />
        </set>
        <set name="taiKhoans" table="TaiKhoan" inverse="true" lazy="false" fetch="select">
            <key>
                <column name="NhanVienID" not-null="true" />
            </key>
            <one-to-many class="Entities.TaiKhoan" />
        </set>
    </class>
</hibernate-mapping>
