<?xml version="1.0"?>
<!DOCTYPE hibernate-mapping PUBLIC "-//Hibernate/Hibernate Mapping DTD 3.0//EN"
"http://www.hibernate.org/dtd/hibernate-mapping-3.0.dtd">
<!-- Generated Nov 28, 2019 2:08:26 PM by Hibernate Tools 4.3.1 -->
<hibernate-mapping>
    <class name="Entities.SanPham" table="SanPham" schema="dbo" catalog="PRO1" optimistic-lock="version">
        <id name="sanPhamId" type="string">
            <column name="SanPhamID" />
            <generator class="assigned" />
        </id>
        <many-to-one name="loaiSanPham" class="Entities.LoaiSanPham" lazy="false" fetch="select">
            <column name="LoaiSanPhamID" not-null="true" />
        </many-to-one>
        <many-to-one name="nhaCungCap" class="Entities.NhaCungCap" fetch="select">
            <column name="NhaCungCapID" not-null="true" />
        </many-to-one>
        <property name="tenSanPham" type="string">
            <column name="TenSanPham" not-null="true" />
        </property>
        <property name="donViTinh" type="string">
            <column name="DonViTinh" not-null="true" />
        </property>
        <property name="giaNhap" type="float">
            <column name="GiaNhap" precision="53" scale="0" not-null="true" />
        </property>
        <property name="giaBan" type="float">
            <column name="GiaBan" precision="53" scale="0" not-null="true" />
        </property>
        <property name="isDelete" type="boolean">
            <column name="isDelete" not-null="true" />
        </property>
        <set name="hdcts" table="HDCT" inverse="true" lazy="false" fetch="select">
            <key>
                <column name="SanPhamID" not-null="true" />
            </key>
            <one-to-many class="Entities.Hdct" />
        </set>
    </class>
</hibernate-mapping>
