<?xml version="1.0"?>
<!DOCTYPE hibernate-mapping PUBLIC "-//Hibernate/Hibernate Mapping DTD 3.0//EN"
"http://www.hibernate.org/dtd/hibernate-mapping-3.0.dtd">
<!-- Generated Nov 28, 2019 2:08:26 PM by Hibernate Tools 4.3.1 -->
<hibernate-mapping>
    <class name="Entities.TaiKhoan" table="TaiKhoan" schema="dbo" catalog="PRO1" optimistic-lock="version">
        <id name="userName" type="string">
            <column name="UserName" />
            <generator class="assigned" />
        </id>
        <many-to-one name="nhanVien" class="Entities.NhanVien" lazy="false" fetch="select">
            <column name="NhanVienID" not-null="true" />
        </many-to-one>
        <property name="passWord" type="string">
            <column name="PassWord" not-null="true" />
        </property>
        <property name="isDelete" type="boolean">
            <column name="isDelete" not-null="true" />
        </property>
    </class>
</hibernate-mapping>
